[{"id":"1","title":"Contact Form Demo","status":"published","appearance_settings":null,"form_fields":{"fields":[{"index":0,"element":"input_name","attributes":{"name":"names","data-type":"name-element"},"settings":{"container_class":"","admin_field_label":"Name","conditional_logics":[]},"fields":{"first_name":{"element":"input_text","attributes":{"type":"text","name":"first_name","value":"","id":"","class":"","placeholder":"First Name"},"settings":{"container_class":"","label":"First Name","help_message":"","visible":true,"validation_rules":{"required":{"value":false,"message":"This field is required"}},"conditional_logics":[]},"editor_options":{"template":"inputText"}},"middle_name":{"element":"input_text","attributes":{"type":"text","name":"middle_name","value":"","id":"","class":"","placeholder":"","required":false},"settings":{"container_class":"","label":"Middle Name","help_message":"","error_message":"","visible":false,"validation_rules":{"required":{"value":false,"message":"This field is required"}},"conditional_logics":[]},"editor_options":{"template":"inputText"}},"last_name":{"element":"input_text","attributes":{"type":"text","name":"last_name","value":"","id":"","class":"","placeholder":"Last Name","required":false},"settings":{"container_class":"","label":"Last Name","help_message":"","error_message":"","visible":true,"validation_rules":{"required":{"value":false,"message":"This field is required"}},"conditional_logics":[]},"editor_options":{"template":"inputText"}}},"editor_options":{"title":"Name Fields","element":"name-fields","icon_class":"ff-edit-name","template":"nameFields"},"uniqElKey":"el_1570866006692"},{"index":1,"element":"input_email","attributes":{"type":"email","name":"email","value":"","id":"","class":"","placeholder":"Email Address"},"settings":{"container_class":"","label":"Email","label_placement":"","help_message":"","admin_field_label":"","validation_rules":{"required":{"value":true,"message":"This field is required"},"email":{"value":true,"message":"This field must contain a valid email"}},"conditional_logics":[]},"editor_options":{"title":"Email Address","icon_class":"ff-edit-email","template":"inputText"},"uniqElKey":"el_1570866012914"},{"index":2,"element":"input_text","attributes":{"type":"text","name":"subject","value":"","class":"","placeholder":"Subject"},"settings":{"container_class":"","label":"Subject","label_placement":"","admin_field_label":"Subject","help_message":"","validation_rules":{"required":{"value":false,"message":"This field is required"}},"conditional_logics":{"type":"any","status":false,"conditions":[{"field":"","value":"","operator":""}]}},"editor_options":{"title":"Simple Text","icon_class":"ff-edit-text","template":"inputText"},"uniqElKey":"el_1570878958648"},{"index":3,"element":"textarea","attributes":{"name":"message","value":"","id":"","class":"","placeholder":"Your Message","rows":4,"cols":2},"settings":{"container_class":"","label":"Your Message","admin_field_label":"","label_placement":"","help_message":"","validation_rules":{"required":{"value":true,"message":"This field is required"}},"conditional_logics":{"type":"any","status":false,"conditions":[{"field":"","value":"","operator":""}]}},"editor_options":{"title":"Text Area","icon_class":"ff-edit-textarea","template":"inputTextarea"},"uniqElKey":"el_1570879001207"}],"submitButton":{"uniqElKey":"el_1524065200616","element":"button","attributes":{"type":"submit","class":""},"settings":{"align":"left","button_style":"default","container_class":"","help_message":"","background_color":"#409EFF","button_size":"md","color":"#ffffff","button_ui":{"type":"default","text":"Submit Form","img_url":""}},"editor_options":{"title":"Submit Button"}}},"has_payment":"0","type":"","conditions":null,"created_by":"1","created_at":"2021-07-11 10:00:01","updated_at":"2021-07-11 10:00:01","metas":[{"meta_key":"formSettings","value":"{\"confirmation\":{\"redirectTo\":\"samePage\",\"messageToShow\":\"Thank you for your message. We will get in touch with you shortly\",\"customPage\":null,\"samePageFormBehavior\":\"hide_form\",\"customUrl\":null},\"restrictions\":{\"limitNumberOfEntries\":{\"enabled\":false,\"numberOfEntries\":null,\"period\":\"total\",\"limitReachedMsg\":\"Maximum number of entries exceeded.\"},\"scheduleForm\":{\"enabled\":false,\"start\":null,\"end\":null,\"selectedDays\":[\"Monday\",\"Tuesday\",\"Wednesday\",\"Thursday\",\"Friday\",\"Saturday\",\"Sunday\"],\"pendingMsg\":\"Form submission is not started yet.\",\"expiredMsg\":\"Form submission is now closed.\"},\"requireLogin\":{\"enabled\":false,\"requireLoginMsg\":\"You must be logged in to submit the form.\"},\"denyEmptySubmission\":{\"enabled\":false,\"message\":\"Sorry, you cannot submit an empty form. Let's hear what you wanna say.\"}},\"layout\":{\"labelPlacement\":\"top\",\"helpMessagePlacement\":\"with_label\",\"errorMessagePlacement\":\"inline\",\"cssClassName\":\"\",\"asteriskPlacement\":\"asterisk-right\"},\"delete_entry_on_submission\":\"no\",\"appendSurveyResult\":{\"enabled\":false,\"showLabel\":false,\"showCount\":false}}"},{"meta_key":"advancedValidationSettings","value":"{\"status\":false,\"type\":\"all\",\"conditions\":[{\"field\":\"\",\"operator\":\"=\",\"value\":\"\"}],\"error_message\":\"\",\"validation_type\":\"fail_on_condition_met\"}"},{"meta_key":"double_optin_settings","value":"{\"status\":\"no\",\"confirmation_message\":\"Please check your email inbox to confirm this submission\",\"email_body_type\":\"global\",\"email_subject\":\"Please confirm your form submission\",\"email_body\":\"<h2>Please Confirm Your Submission<\/h2><p>&nbsp;<\/p><p style=\"text-align: center;\"><a style=\"color: #ffffff; background-color: #454545; font-size: 16px; border-radius: 5px; text-decoration: none; font-weight: normal; font-style: normal; padding: 0.8rem 1rem; border-color: #0072ff;\" href=\"#confirmation_url#\">Confirm Submission<\/a><\/p><p>&nbsp;<\/p><p>If you received this email by mistake, simply delete it. Your form submission won't proceed if you don't click the confirmation link above.<\/p>\",\"email_field\":\"\",\"skip_if_logged_in\":\"yes\",\"skip_if_fc_subscribed\":\"no\"}"}]}]